<?xml version="1.0" encoding="iso-8859-1"?>
<ISO15745Profile xmlns="http://www.profibus.com/GSDML/2003/11/DeviceProfile" xmlns:xsi="http://www.w3.org/2001/XMLSchema-instance" xsi:schemaLocation="http://www.profibus.com/GSDML/2003/11/DeviceProfile ..\xsd\GSDML-DeviceProfile-V2.3.xsd">
   <ProfileHeader>
      <ProfileIdentification>PROFINET Device Profile</ProfileIdentification>
      <ProfileRevision>1.00</ProfileRevision>
      <ProfileName>Device Profile for PROFINET Devices</ProfileName>
      <ProfileSource>PROFIBUS Nutzerorganisation e. V. (PNO)</ProfileSource>
      <ProfileClassID>Device</ProfileClassID>
      <ISO15745Reference>
         <ISO15745Part>4</ISO15745Part>
         <ISO15745Edition>1</ISO15745Edition>
         <ProfileTechnology>GSDML</ProfileTechnology>
      </ISO15745Reference>
   </ProfileHeader>
   <ProfileBody>
      <DeviceIdentity VendorID="0x0129" DeviceID="0x0C21">
         <InfoText TextId="T_ID_DEV_DESCRIPTION"/>
         <VendorName Value="Schneider Electric"/>
      </DeviceIdentity>
      <DeviceFunction>
         <Family MainFamily="Drives" ProductFamily="ATV32"/>
      </DeviceFunction>
      <ApplicationProcess>
         <!-- ============================================================================================ -->
         <!--   List of Device Access Points (DAP)                 									              -->
         <!-- ============================================================================================ -->
         <DeviceAccessPointList>
            <DeviceAccessPointItem ID="DAP V1.5" PhysicalSlots="0..1" ModuleIdentNumber="0x00000001" MinDeviceInterval="128" ImplementationType="NP30" DNS_CompatibleName="ATV32" ExtendedAddressAssignmentSupported="true" FixedInSlots="0" ObjectUUID_LocalIndex="1" DeviceAccessSupported="true" PNIO_Version="V2.2" NameOfStationNotTransferable="true">
               <ModuleInfo CategoryRef="CAT_REF_MIGRATION_DAP">
                  <Name TextId="T_ID_DAP_V15"/>
                  <InfoText TextId="T_ID_V15_DEV_DESCRIPTION"/>
                  <VendorName Value="Schneider Electric"/>
                  <OrderNumber Value="ATV32"/>
               </ModuleInfo>
               <IOConfigData MaxInputLength="26" MaxOutputLength="26"/>
               <UseableModules>
                  <!--References to the ModuleList-->
                  <ModuleItemRef ModuleItemTarget="ID_MODULE_STD_TGM1" AllowedInSlots="1"/>
                  <ModuleItemRef ModuleItemTarget="ID_MODULE_TGM100" AllowedInSlots="1"/>
                  <ModuleItemRef ModuleItemTarget="ID_MODULE_TGM101" AllowedInSlots="1"/>
                  <ModuleItemRef ModuleItemTarget="ID_MODULE_TGM102" AllowedInSlots="1"/>
               </UseableModules>
               <VirtualSubmoduleList>
                  <VirtualSubmoduleItem ID="DAP V1.5" SubmoduleIdentNumber="0x00000001" API="0">
                     <IOData IOPS_Length="1" IOCS_Length="1"/>
                     <RecordDataList>
                        <ParameterRecordDataItem Index="1" Length="1" TransferSequence="0">
                           <Name TextId="T_ID_DAP_PARAMETERS"/>
                           <Ref ValueItemTarget="VI_ID_DAP_ENABLE_DISABLE" DataType="Integer8" ByteOffset="0" DefaultValue="1" AllowedValues="0..1" TextId="T_ID_DAP_ALARM_DIAGNOSTICS"/>
                        </ParameterRecordDataItem>
                     </RecordDataList>
                     <ModuleInfo>
                        <Name TextId="T_ID_DAP_V15"/>
                        <InfoText TextId="T_ID_V15_DEV_DESCRIPTION"/>
                     </ModuleInfo>
                  </VirtualSubmoduleItem>
               </VirtualSubmoduleList>
               <Graphics>
                  <GraphicItemRef Type="DeviceSymbol" GraphicItemTarget="1"/>
               </Graphics>
            </DeviceAccessPointItem>
            <DeviceAccessPointItem ID="DAP V2.0" PhysicalSlots="0..1" ModuleIdentNumber="0x00000001" MinDeviceInterval="128" ImplementationType="NP30" DNS_CompatibleName="ATV32" ExtendedAddressAssignmentSupported="true" FixedInSlots="0" ObjectUUID_LocalIndex="1" DeviceAccessSupported="true" RequiredSchemaVersion="V2.25" PNIO_Version="V2.2" NameOfStationNotTransferable="true">
               <ModuleInfo>
                  <Name TextId="T_ID_DAP_V2"/>
                  <InfoText TextId="T_ID_V2_DEV_DESCRIPTION"/>
                  <VendorName Value="Schneider Electric"/>
                  <OrderNumber Value="ATV32"/>
               </ModuleInfo>
               <SubslotList>
                  <SubslotItem SubslotNumber="32768" TextId="T_ID_SS_INTERFACE"/>
                  <SubslotItem SubslotNumber="32769" TextId="T_ID_SS_PORT1"/>
                  <SubslotItem SubslotNumber="32770" TextId="T_ID_SS_PORT2"/>
               </SubslotList>
               <IOConfigData MaxInputLength="26" MaxOutputLength="26"/>
               <UseableModules>
                  <ModuleItemRef ModuleItemTarget="ID_MODULE_STD_TGM1" AllowedInSlots="1"/>
                  <ModuleItemRef ModuleItemTarget="ID_MODULE_TGM100" AllowedInSlots="1"/>
                  <ModuleItemRef ModuleItemTarget="ID_MODULE_TGM101" AllowedInSlots="1"/>
                  <ModuleItemRef ModuleItemTarget="ID_MODULE_TGM102" AllowedInSlots="1"/>
               </UseableModules>
               <VirtualSubmoduleList>
                  <VirtualSubmoduleItem ID="DAP V2.0" SubmoduleIdentNumber="0x00000001" API="0">
                     <IOData IOPS_Length="1" IOCS_Length="1"/>
                     <RecordDataList>
                        <ParameterRecordDataItem Index="1" Length="1" TransferSequence="0">
                           <Name TextId="T_ID_DAP_PARAMETERS"/>
                           <Ref ValueItemTarget="VI_ID_DAP_ENABLE_DISABLE" DataType="Integer8" ByteOffset="0" DefaultValue="1" AllowedValues="0..1" TextId="T_ID_DAP_ALARM_DIAGNOSTICS"/>
                        </ParameterRecordDataItem>
                     </RecordDataList>
                     <ModuleInfo>
                        <Name TextId="T_ID_DAP_V2"/>
                        <InfoText TextId="T_ID_V2_DEV_DESCRIPTION"/>
                     </ModuleInfo>
                  </VirtualSubmoduleItem>
               </VirtualSubmoduleList>
               <SystemDefinedSubmoduleList>
                  <InterfaceSubmoduleItem ID="Interface" SubslotNumber="32768" SubmoduleIdentNumber="0x0002" SupportedRT_Classes="RT_CLASS_1" TextId="T_ID_DAP_INTERFACE_MODULE" SupportedMibs="MIB2" SupportedProtocols="SNMP;LLDP">
                     <ApplicationRelations NumberOfAdditionalInputCR="0" NumberOfAdditionalMulticastProviderCR="0" NumberOfAdditionalOutputCR="0" NumberOfMulticastConsumerCR="0" PullModuleAlarmSupported="false">
                        <TimingProperties SendClock="32" ReductionRatio="1 2 4 8 16 32 64 128 256 512"/>
                     </ApplicationRelations>
                     <MediaRedundancy SupportedRole="Client"/>
                  </InterfaceSubmoduleItem>
                  <PortSubmoduleItem ID="Port 1" SubslotNumber="32769" SubmoduleIdentNumber="0x0003" MAUTypes="16" TextId="T_ID_PORT" SupportsRingportConfig="false" IsDefaultRingport="true"/>
                  <PortSubmoduleItem ID="Port 2" SubslotNumber="32770" SubmoduleIdentNumber="0x0003" MAUTypes="16" TextId="T_ID_PORT2" SupportsRingportConfig="false" IsDefaultRingport="true"/>
               </SystemDefinedSubmoduleList>
               <Graphics>
                  <GraphicItemRef Type="DeviceSymbol" GraphicItemTarget="1"/>
               </Graphics>
            </DeviceAccessPointItem>
         </DeviceAccessPointList>
         <!-- List of modules -->
         <ModuleList>
            <!--* Standard Telegram #1 *-->
            <ModuleItem ID="ID_MODULE_STD_TGM1" ModuleIdentNumber="0x00000010">
               <ModuleInfo CategoryRef="CAT_REF_MODULES">
                  <Name TextId="T_ID_PROFILE_MODULE_MAP_STD_TGM_NAME"/>
                  <InfoText TextId="T_ID_PROFILE_MODULE_MAP_STD_TGM_INFO_TEXT"/>
               </ModuleInfo>
               <VirtualSubmoduleList>
                  <VirtualSubmoduleItem ID="ID_PROFILE_MAPPAP_1" SubmoduleIdentNumber="0x0000FFFF" API="14848" FixedInSubslots="1" Max_iParameterSize="8192">
                     <IOData/>
                     <ModuleInfo>
                        <Name TextId="T_ID_PROFILE_MAPPAP_NAME"/>
                        <InfoText TextId="T_ID_PROFILE_MAPPAP_INFO_TEXT"/>
                     </ModuleInfo>
                  </VirtualSubmoduleItem>
                  <VirtualSubmoduleItem ID="ID_PROFILE_STD_TGM1_1" SubmoduleIdentNumber="0x00000001" API="14848" FixedInSubslots="2">
                     <IOData IOPS_Length="1" IOCS_Length="1">
                        <Input Consistency="All items consistency">
                           <DataItem DataType="Unsigned16" TextId="T_ID_INPUT"/>
                           <DataItem DataType="Unsigned16" TextId="T_ID_INPUT"/>
                        </Input>
                        <Output Consistency="All items consistency">
                           <DataItem DataType="Unsigned16" TextId="T_ID_OUTPUT"/>
                           <DataItem DataType="Unsigned16" TextId="T_ID_OUTPUT"/>
                        </Output>
                     </IOData>
                     <ModuleInfo>
                        <Name TextId="T_ID_PROFILE_STD_TGM1_NAME"/>
                        <InfoText TextId="T_ID_PROFILE_STD_TGM1_INFO_TEXT"/>
                     </ModuleInfo>
                  </VirtualSubmoduleItem>
               </VirtualSubmoduleList>
            </ModuleItem>
            <!--* Telegram #100 *-->
            <ModuleItem ID="ID_MODULE_TGM100" ModuleIdentNumber="0x00000064">
               <ModuleInfo CategoryRef="CAT_REF_MODULES">
                  <Name TextId="T_ID_TGM100_NAME"/>
                  <InfoText TextId="T_ID_INFO_TGM100"/>
               </ModuleInfo>
               <VirtualSubmoduleList>
                  <VirtualSubmoduleItem ID="ID_SUBMOD_TGM100" SubmoduleIdentNumber="0x00000000" API="0" FixedInSubslots="1" Max_iParameterSize="8192">
                     <IOData IOPS_Length="1" IOCS_Length="1">
                        <Input Consistency="All items consistency">
                           <DataItem DataType="Unsigned16" TextId="T_ID_INPUT"/>
                           <DataItem DataType="Unsigned16" TextId="T_ID_INPUT"/>
                           <DataItem DataType="Unsigned16" TextId="T_ID_INPUT"/>
                           <DataItem DataType="Unsigned16" TextId="T_ID_INPUT"/>
                           <DataItem DataType="Unsigned16" TextId="T_ID_INPUT"/>
                           <DataItem DataType="Unsigned16" TextId="T_ID_INPUT"/>
                        </Input>
                        <Output Consistency="All items consistency">
                           <DataItem DataType="Unsigned16" TextId="T_ID_OUTPUT"/>
                           <DataItem DataType="Unsigned16" TextId="T_ID_OUTPUT"/>
                           <DataItem DataType="Unsigned16" TextId="T_ID_OUTPUT"/>
                           <DataItem DataType="Unsigned16" TextId="T_ID_OUTPUT"/>
                           <DataItem DataType="Unsigned16" TextId="T_ID_OUTPUT"/>
                           <DataItem DataType="Unsigned16" TextId="T_ID_OUTPUT"/>
                        </Output>
                     </IOData>
                     <RecordDataList>
                        <ParameterRecordDataItem Index="1" Length="15" TransferSequence="0">
                           <Name TextId="T_ID_TGM100_PARAMETERS"/>
                           <Ref ValueItemTarget="VI_ID_YES_NO" DataType="Unsigned8" ByteOffset="0" DefaultValue="1" Changeable="false" Visible="false" TextId="T_ID_HASPKW"/>
                           <Ref ValueItemTarget="VI_ID_TGM_INFO" DataType="Unsigned16" ByteOffset="1" DefaultValue="100" Changeable="false" Visible="false" TextId="T_ID_TGMINFO"/>
                           <Ref ValueItemTarget="VI_ID_PARAM_INFO" DataType="Unsigned8" ByteOffset="3" DefaultValue="3" Changeable="false" Visible="false" TextId="T_ID_PARAM1_INFO"/>
                           <Ref DataType="Unsigned16" ByteOffset="4" DefaultValue="8501" AllowedValues="0..65535" TextId="T_ID_TGM100_OUT1_NAME"/>
                           <Ref ValueItemTarget="VI_ID_PARAM_INFO" DataType="Unsigned8" ByteOffset="6" DefaultValue="3" Changeable="false" Visible="false" TextId="T_ID_PARAM2_INFO"/>
                           <Ref DataType="Unsigned16" ByteOffset="7" DefaultValue="8602" AllowedValues="0..65535" TextId="T_ID_TGM100_OUT2_NAME"/>
                           <Ref ValueItemTarget="VI_ID_PARAM_INFO" DataType="Unsigned8" ByteOffset="9" DefaultValue="5" Changeable="false" Visible="false" TextId="T_ID_PARAM3_INFO"/>
                           <Ref DataType="Unsigned16" ByteOffset="10" DefaultValue="3201" AllowedValues="0..65535" TextId="T_ID_TGM100_IN1_NAME"/>
                           <Ref ValueItemTarget="VI_ID_PARAM_INFO" DataType="Unsigned8" ByteOffset="12" DefaultValue="5" Changeable="false" Visible="false" TextId="T_ID_PARAM4_INFO"/>
                           <Ref DataType="Unsigned16" ByteOffset="13" DefaultValue="8604" AllowedValues="0..65535" TextId="T_ID_TGM100_IN2_NAME"/>
                        </ParameterRecordDataItem>
                     </RecordDataList>
                     <ModuleInfo>
                        <Name TextId="T_ID_SUBMOD_NAME_TGM100"/>
                        <InfoText TextId="T_ID_SUBMOD_INFO_TGM100"/>
                     </ModuleInfo>
                  </VirtualSubmoduleItem>
               </VirtualSubmoduleList>
            </ModuleItem>
            <!--* Telegram #101 *-->
            <ModuleItem ID="ID_MODULE_TGM101" ModuleIdentNumber="0x00000065">
               <ModuleInfo CategoryRef="CAT_REF_MODULES">
                  <Name TextId="T_ID_TGM101_NAME"/>
                  <InfoText TextId="T_ID_INFO_TGM101"/>
               </ModuleInfo>
               <VirtualSubmoduleList>
                  <VirtualSubmoduleItem ID="ID_SUBMOD_TGM101" SubmoduleIdentNumber="0x00000000" API="0" FixedInSubslots="1" Max_iParameterSize="8192">
                     <IOData IOPS_Length="1" IOCS_Length="1">
                        <Input Consistency="All items consistency">
                           <DataItem DataType="Unsigned16" TextId="T_ID_INPUT"/>
                           <DataItem DataType="Unsigned16" TextId="T_ID_INPUT"/>
                           <DataItem DataType="Unsigned16" TextId="T_ID_INPUT"/>
                           <DataItem DataType="Unsigned16" TextId="T_ID_INPUT"/>
                           <DataItem DataType="Unsigned16" TextId="T_ID_INPUT"/>
                           <DataItem DataType="Unsigned16" TextId="T_ID_INPUT"/>
                           <DataItem DataType="Unsigned16" TextId="T_ID_INPUT"/>
                           <DataItem DataType="Unsigned16" TextId="T_ID_INPUT"/>
                           <DataItem DataType="Unsigned16" TextId="T_ID_INPUT"/>
                           <DataItem DataType="Unsigned16" TextId="T_ID_INPUT"/>
                        </Input>
                        <Output Consistency="All items consistency">
                           <DataItem DataType="Unsigned16" TextId="T_ID_OUTPUT"/>
                           <DataItem DataType="Unsigned16" TextId="T_ID_OUTPUT"/>
                           <DataItem DataType="Unsigned16" TextId="T_ID_OUTPUT"/>
                           <DataItem DataType="Unsigned16" TextId="T_ID_OUTPUT"/>
                           <DataItem DataType="Unsigned16" TextId="T_ID_OUTPUT"/>
                           <DataItem DataType="Unsigned16" TextId="T_ID_OUTPUT"/>
                           <DataItem DataType="Unsigned16" TextId="T_ID_OUTPUT"/>
                           <DataItem DataType="Unsigned16" TextId="T_ID_OUTPUT"/>
                           <DataItem DataType="Unsigned16" TextId="T_ID_OUTPUT"/>
                           <DataItem DataType="Unsigned16" TextId="T_ID_OUTPUT"/>
                        </Output>
                     </IOData>
                     <RecordDataList>
                        <ParameterRecordDataItem Index="1" Length="39" TransferSequence="0">
                           <Name TextId="T_ID_TGM101_PARAMETERS"/>
                           <Ref ValueItemTarget="VI_ID_YES_NO" DataType="Unsigned8" ByteOffset="0" DefaultValue="1" Changeable="false" Visible="false" TextId="T_ID_HASPKW"/>
                           <Ref ValueItemTarget="VI_ID_TGM_INFO" DataType="Unsigned16" ByteOffset="1" DefaultValue="101" Changeable="false" Visible="false" TextId="T_ID_TGMINFO"/>
                           <Ref ValueItemTarget="VI_ID_PARAM_INFO" DataType="Unsigned8" ByteOffset="3" DefaultValue="3" Changeable="false" Visible="false" TextId="T_ID_PARAM1_INFO"/>
                           <Ref DataType="Unsigned16" ByteOffset="4" DefaultValue="8501" AllowedValues="0..65535" TextId="T_ID_TGM101_OUT1_NAME"/>
                           <Ref ValueItemTarget="VI_ID_PARAM_INFO" DataType="Unsigned8" ByteOffset="6" DefaultValue="3" Changeable="false" Visible="false" TextId="T_ID_PARAM2_INFO"/>
                           <Ref DataType="Unsigned16" ByteOffset="7" DefaultValue="8602" AllowedValues="0..65535" TextId="T_ID_TGM101_OUT2_NAME"/>
                           <Ref ValueItemTarget="VI_ID_PARAM_INFO" DataType="Unsigned8" ByteOffset="9" DefaultValue="3" Changeable="false" Visible="false" TextId="T_ID_PARAM3_INFO"/>
                           <Ref DataType="Unsigned16" ByteOffset="10" DefaultValue="0" AllowedValues="0..65535" TextId="T_ID_TGM101_OUT3_NAME"/>
                           <Ref ValueItemTarget="VI_ID_PARAM_INFO" DataType="Unsigned8" ByteOffset="12" DefaultValue="3" Changeable="false" Visible="false" TextId="T_ID_PARAM4_INFO"/>
                           <Ref DataType="Unsigned16" ByteOffset="13" DefaultValue="0" AllowedValues="0..65535" TextId="T_ID_TGM101_OUT4_NAME"/>
                           <Ref ValueItemTarget="VI_ID_PARAM_INFO" DataType="Unsigned8" ByteOffset="15" DefaultValue="3" Changeable="false" Visible="false" TextId="T_ID_PARAM5_INFO"/>
                           <Ref DataType="Unsigned16" ByteOffset="16" DefaultValue="0" AllowedValues="0..65535" TextId="T_ID_TGM101_OUT5_NAME"/>
                           <Ref ValueItemTarget="VI_ID_PARAM_INFO" DataType="Unsigned8" ByteOffset="18" DefaultValue="3" Changeable="false" Visible="false" TextId="T_ID_PARAM6_INFO"/>
                           <Ref DataType="Unsigned16" ByteOffset="19" DefaultValue="0" AllowedValues="0..65535" TextId="T_ID_TGM101_OUT6_NAME"/>
                           <Ref ValueItemTarget="VI_ID_PARAM_INFO" DataType="Unsigned8" ByteOffset="21" DefaultValue="5" Changeable="false" Visible="false" TextId="T_ID_PARAM7_INFO"/>
                           <Ref DataType="Unsigned16" ByteOffset="22" DefaultValue="3201" AllowedValues="0..65535" TextId="T_ID_TGM101_IN1_NAME"/>
                           <Ref ValueItemTarget="VI_ID_PARAM_INFO" DataType="Unsigned8" ByteOffset="24" DefaultValue="5" Changeable="false" Visible="false" TextId="T_ID_PARAM8_INFO"/>
                           <Ref DataType="Unsigned16" ByteOffset="25" DefaultValue="8604" AllowedValues="0..65535" TextId="T_ID_TGM101_IN2_NAME"/>
                           <Ref ValueItemTarget="VI_ID_PARAM_INFO" DataType="Unsigned8" ByteOffset="27" DefaultValue="5" Changeable="false" Visible="false" TextId="T_ID_PARAM9_INFO"/>
                           <Ref DataType="Unsigned16" ByteOffset="28" DefaultValue="0" AllowedValues="0..65535" TextId="T_ID_TGM101_IN3_NAME"/>
                           <Ref ValueItemTarget="VI_ID_PARAM_INFO" DataType="Unsigned8" ByteOffset="30" DefaultValue="5" Changeable="false" Visible="false" TextId="T_ID_PARAM10_INFO"/>
                           <Ref DataType="Unsigned16" ByteOffset="31" DefaultValue="0" AllowedValues="0..65535" TextId="T_ID_TGM101_IN4_NAME"/>
                           <Ref ValueItemTarget="VI_ID_PARAM_INFO" DataType="Unsigned8" ByteOffset="33" DefaultValue="5" Changeable="false" Visible="false" TextId="T_ID_PARAM11_INFO"/>
                           <Ref DataType="Unsigned16" ByteOffset="34" DefaultValue="0" AllowedValues="0..65535" TextId="T_ID_TGM101_IN5_NAME"/>
                           <Ref ValueItemTarget="VI_ID_PARAM_INFO" DataType="Unsigned8" ByteOffset="36" DefaultValue="5" Changeable="false" Visible="false" TextId="T_ID_PARAM12_INFO"/>
                           <Ref DataType="Unsigned16" ByteOffset="37" DefaultValue="0" AllowedValues="0..65535" TextId="T_ID_TGM101_IN6_NAME"/>
                        </ParameterRecordDataItem>
                     </RecordDataList>
                     <ModuleInfo>
                        <Name TextId="T_ID_SUBMOD_NAME_TGM101"/>
                        <InfoText TextId="T_ID_SUBMOD_INFO_TGM101"/>
                     </ModuleInfo>
                  </VirtualSubmoduleItem>
               </VirtualSubmoduleList>
            </ModuleItem>
            <!--* Telegram #102 *-->
            <ModuleItem ID="ID_MODULE_TGM102" ModuleIdentNumber="0x00000066">
               <ModuleInfo CategoryRef="CAT_REF_MODULES">
                  <Name TextId="T_ID_TGM102_NAME"/>
                  <InfoText TextId="T_ID_INFO_TGM102"/>
               </ModuleInfo>
               <VirtualSubmoduleList>
                  <VirtualSubmoduleItem ID="ID_SUBMOD_TGM102" SubmoduleIdentNumber="0x00000000" API="0" FixedInSubslots="1" Max_iParameterSize="8192">
                     <IOData IOPS_Length="1" IOCS_Length="1">
                        <Input Consistency="All items consistency">
                           <DataItem DataType="Unsigned16" TextId="T_ID_INPUT"/>
                           <DataItem DataType="Unsigned16" TextId="T_ID_INPUT"/>
                           <DataItem DataType="Unsigned16" TextId="T_ID_INPUT"/>
                           <DataItem DataType="Unsigned16" TextId="T_ID_INPUT"/>
                           <DataItem DataType="Unsigned16" TextId="T_ID_INPUT"/>
                           <DataItem DataType="Unsigned16" TextId="T_ID_INPUT"/>
                        </Input>
                        <Output Consistency="All items consistency">
                           <DataItem DataType="Unsigned16" TextId="T_ID_OUTPUT"/>
                           <DataItem DataType="Unsigned16" TextId="T_ID_OUTPUT"/>
                           <DataItem DataType="Unsigned16" TextId="T_ID_OUTPUT"/>
                           <DataItem DataType="Unsigned16" TextId="T_ID_OUTPUT"/>
                           <DataItem DataType="Unsigned16" TextId="T_ID_OUTPUT"/>
                           <DataItem DataType="Unsigned16" TextId="T_ID_OUTPUT"/>
                        </Output>
                     </IOData>
                     <RecordDataList>
                        <ParameterRecordDataItem Index="1" Length="39" TransferSequence="0">
                           <Name TextId="T_ID_TGM102_PARAMETERS"/>
                           <Ref ValueItemTarget="VI_ID_YES_NO" DataType="Unsigned8" ByteOffset="0" DefaultValue="0" Changeable="false" Visible="false" TextId="T_ID_HASPKW"/>
                           <Ref ValueItemTarget="VI_ID_TGM_INFO" DataType="Unsigned16" ByteOffset="1" DefaultValue="102" Changeable="false" Visible="false" TextId="T_ID_TGMINFO"/>
                           <Ref ValueItemTarget="VI_ID_PARAM_INFO" DataType="Unsigned8" ByteOffset="3" DefaultValue="3" Changeable="false" Visible="false" TextId="T_ID_PARAM1_INFO"/>
                           <Ref DataType="Unsigned16" ByteOffset="4" DefaultValue="8501" AllowedValues="0..65535" TextId="T_ID_TGM102_OUT1_NAME"/>
                           <Ref ValueItemTarget="VI_ID_PARAM_INFO" DataType="Unsigned8" ByteOffset="6" DefaultValue="3" Changeable="false" Visible="false" TextId="T_ID_PARAM2_INFO"/>
                           <Ref DataType="Unsigned16" ByteOffset="7" DefaultValue="8602" AllowedValues="0..65535" TextId="T_ID_TGM102_OUT2_NAME"/>
                           <Ref ValueItemTarget="VI_ID_PARAM_INFO" DataType="Unsigned8" ByteOffset="9" DefaultValue="3" Changeable="false" Visible="false" TextId="T_ID_PARAM3_INFO"/>
                           <Ref DataType="Unsigned16" ByteOffset="10" DefaultValue="0" AllowedValues="0..65535" TextId="T_ID_TGM102_OUT3_NAME"/>
                           <Ref ValueItemTarget="VI_ID_PARAM_INFO" DataType="Unsigned8" ByteOffset="12" DefaultValue="3" Changeable="false" Visible="false" TextId="T_ID_PARAM4_INFO"/>
                           <Ref DataType="Unsigned16" ByteOffset="13" DefaultValue="0" AllowedValues="0..65535" TextId="T_ID_TGM102_OUT4_NAME"/>
                           <Ref ValueItemTarget="VI_ID_PARAM_INFO" DataType="Unsigned8" ByteOffset="15" DefaultValue="3" Changeable="false" Visible="false" TextId="T_ID_PARAM5_INFO"/>
                           <Ref DataType="Unsigned16" ByteOffset="16" DefaultValue="0" AllowedValues="0..65535" TextId="T_ID_TGM102_OUT5_NAME"/>
                           <Ref ValueItemTarget="VI_ID_PARAM_INFO" DataType="Unsigned8" ByteOffset="18" DefaultValue="3" Changeable="false" Visible="false" TextId="T_ID_PARAM6_INFO"/>
                           <Ref DataType="Unsigned16" ByteOffset="19" DefaultValue="0" AllowedValues="0..65535" TextId="T_ID_TGM102_OUT6_NAME"/>
                           <Ref ValueItemTarget="VI_ID_PARAM_INFO" DataType="Unsigned8" ByteOffset="21" DefaultValue="5" Changeable="false" Visible="false" TextId="T_ID_PARAM7_INFO"/>
                           <Ref DataType="Unsigned16" ByteOffset="22" DefaultValue="3201" AllowedValues="0..65535" TextId="T_ID_TGM102_IN1_NAME"/>
                           <Ref ValueItemTarget="VI_ID_PARAM_INFO" DataType="Unsigned8" ByteOffset="24" DefaultValue="5" Changeable="false" Visible="false" TextId="T_ID_PARAM8_INFO"/>
                           <Ref DataType="Unsigned16" ByteOffset="25" DefaultValue="8604" AllowedValues="0..65535" TextId="T_ID_TGM102_IN2_NAME"/>
                           <Ref ValueItemTarget="VI_ID_PARAM_INFO" DataType="Unsigned8" ByteOffset="27" DefaultValue="5" Changeable="false" Visible="false" TextId="T_ID_PARAM9_INFO"/>
                           <Ref DataType="Unsigned16" ByteOffset="28" DefaultValue="0" AllowedValues="0..65535" TextId="T_ID_TGM102_IN3_NAME"/>
                           <Ref ValueItemTarget="VI_ID_PARAM_INFO" DataType="Unsigned8" ByteOffset="30" DefaultValue="5" Changeable="false" Visible="false" TextId="T_ID_PARAM10_INFO"/>
                           <Ref DataType="Unsigned16" ByteOffset="31" DefaultValue="0" AllowedValues="0..65535" TextId="T_ID_TGM102_IN4_NAME"/>
                           <Ref ValueItemTarget="VI_ID_PARAM_INFO" DataType="Unsigned8" ByteOffset="33" DefaultValue="5" Changeable="false" Visible="false" TextId="T_ID_PARAM11_INFO"/>
                           <Ref DataType="Unsigned16" ByteOffset="34" DefaultValue="0" AllowedValues="0..65535" TextId="T_ID_TGM102_IN5_NAME"/>
                           <Ref ValueItemTarget="VI_ID_PARAM_INFO" DataType="Unsigned8" ByteOffset="36" DefaultValue="5" Changeable="false" Visible="false" TextId="T_ID_PARAM12_INFO"/>
                           <Ref DataType="Unsigned16" ByteOffset="37" DefaultValue="0" AllowedValues="0..65535" TextId="T_ID_TGM102_IN6_NAME"/>
                        </ParameterRecordDataItem>
                     </RecordDataList>
                     <ModuleInfo>
                        <Name TextId="T_ID_SUBMOD_NAME_TGM102"/>
                        <InfoText TextId="T_ID_SUBMOD_INFO_TGM102"/>
                     </ModuleInfo>
                  </VirtualSubmoduleItem>
               </VirtualSubmoduleList>
            </ModuleItem>
         </ModuleList>
         <!-- List of values -->
         <ValueList>
            <ValueItem ID="VI_ID_DAP_ENABLE_DISABLE">
               <Assignments>
                  <Assign Content="0" TextId="T_ID_DISABLE"/>
                  <Assign Content="1" TextId="T_ID_ENABLE"/>
               </Assignments>
            </ValueItem>
            <ValueItem ID="VI_ID_YES_NO">
               <Assignments>
                  <Assign Content="0" TextId="T_ID_NO"/>
                  <Assign Content="1" TextId="T_ID_YES"/>
               </Assignments>
            </ValueItem>
            <ValueItem ID="VI_ID_TGM_INFO">
               <Assignments>
                  <Assign Content="1" TextId="T_ID_PROFILE_STD_TGM1_NAME"/>
                  <Assign Content="100" TextId="T_ID_TGM100_NAME"/>
                  <Assign Content="101" TextId="T_ID_TGM101_NAME"/>
                  <Assign Content="102" TextId="T_ID_TGM102_NAME"/>
               </Assignments>
            </ValueItem>
            <ValueItem ID="VI_ID_PARAM_INFO">
               <Assignments>
                  <Assign Content="0" TextId="T_ID_NOT_USED"/>
                  <Assign Content="2" TextId="T_ID_OUTPUT_32BITS"/>
                  <Assign Content="3" TextId="T_ID_OUTPUT_16BITS"/>
                  <Assign Content="4" TextId="T_ID_INPUT_32BITS"/>
                  <Assign Content="5" TextId="T_ID_INPUT_16BITS"/>
               </Assignments>
            </ValueItem>
            <!-- List of possible values for LFT -->
            <ValueItem ID="VI_ID_MANSPEC_DIAG_LFT">
               <Assignments>
                  <Assign Content="0" TextId="T_ID_MANSPEC_DIAG_LFT_NOF"/>
                  <Assign Content="1" TextId="T_ID_MANSPEC_DIAG_LFT_INF"/>
                  <Assign Content="2" TextId="T_ID_MANSPEC_DIAG_LFT_EEF1"/>
                  <Assign Content="3" TextId="T_ID_MANSPEC_DIAG_LFT_CFF"/>
                  <Assign Content="4" TextId="T_ID_MANSPEC_DIAG_LFT_CFI"/>
                  <Assign Content="5" TextId="T_ID_MANSPEC_DIAG_LFT_SLF1"/>
                  <Assign Content="6" TextId="T_ID_MANSPEC_DIAG_LFT_ILF"/>
                  <Assign Content="7" TextId="T_ID_MANSPEC_DIAG_LFT_CNF"/>
                  <Assign Content="8" TextId="T_ID_MANSPEC_DIAG_LFT_EPF1"/>
                  <Assign Content="9" TextId="T_ID_MANSPEC_DIAG_LFT_OCF"/>
                  <Assign Content="10" TextId="T_ID_MANSPEC_DIAG_LFT_CRF"/>
                  <Assign Content="11" TextId="T_ID_MANSPEC_DIAG_LFT_SPF"/>
                  <Assign Content="12" TextId="T_ID_MANSPEC_DIAG_LFT_ANF"/>
                  <Assign Content="13" TextId="T_ID_MANSPEC_DIAG_LFT_LFF2"/>
                  <Assign Content="14" TextId="T_ID_MANSPEC_DIAG_LFT_PTF1"/>
                  <Assign Content="15" TextId="T_ID_MANSPEC_DIAG_LFT_OTF1"/>
                  <Assign Content="16" TextId="T_ID_MANSPEC_DIAG_LFT_OHF"/>
                  <Assign Content="17" TextId="T_ID_MANSPEC_DIAG_LFT_OLF"/>
                  <Assign Content="18" TextId="T_ID_MANSPEC_DIAG_LFT_OBF"/>
                  <Assign Content="19" TextId="T_ID_MANSPEC_DIAG_LFT_OSF"/>
                  <Assign Content="20" TextId="T_ID_MANSPEC_DIAG_LFT_OPF1"/>
                  <Assign Content="21" TextId="T_ID_MANSPEC_DIAG_LFT_PHF"/>
                  <Assign Content="22" TextId="T_ID_MANSPEC_DIAG_LFT_USF"/>
                  <Assign Content="23" TextId="T_ID_MANSPEC_DIAG_LFT_SCF1"/>
                  <Assign Content="24" TextId="T_ID_MANSPEC_DIAG_LFT_SOF"/>
                  <Assign Content="25" TextId="T_ID_MANSPEC_DIAG_LFT_TNF"/>
                  <Assign Content="26" TextId="T_ID_MANSPEC_DIAG_LFT_INF1"/>
                  <Assign Content="27" TextId="T_ID_MANSPEC_DIAG_LFT_INF2"/>
                  <Assign Content="28" TextId="T_ID_MANSPEC_DIAG_LFT_INF3"/>
                  <Assign Content="29" TextId="T_ID_MANSPEC_DIAG_LFT_INF4"/>
                  <Assign Content="30" TextId="T_ID_MANSPEC_DIAG_LFT_EEF2"/>
                  <Assign Content="31" TextId="T_ID_MANSPEC_DIAG_LFT_SCF2"/>
                  <Assign Content="32" TextId="T_ID_MANSPEC_DIAG_LFT_SCF3"/>
                  <Assign Content="33" TextId="T_ID_MANSPEC_DIAG_LFT_OPF2"/>
                  <Assign Content="34" TextId="T_ID_MANSPEC_DIAG_LFT_COF"/>
                  <Assign Content="35" TextId="T_ID_MANSPEC_DIAG_LFT_BLF"/>
                  <Assign Content="37" TextId="T_ID_MANSPEC_DIAG_LFT_INF7"/>
                  <Assign Content="38" TextId="T_ID_MANSPEC_DIAG_LFT_EPF2"/>
                  <Assign Content="39" TextId="T_ID_MANSPEC_DIAG_LFT_APF"/>
                  <Assign Content="40" TextId="T_ID_MANSPEC_DIAG_LFT_INF8"/>
                  <Assign Content="41" TextId="T_ID_MANSPEC_DIAG_LFT_BRF"/>
                  <Assign Content="42" TextId="T_ID_MANSPEC_DIAG_LFT_SLF2"/>
                  <Assign Content="43" TextId="T_ID_MANSPEC_DIAG_LFT_ECF"/>
                  <Assign Content="44" TextId="T_ID_MANSPEC_DIAG_LFT_SSF"/>
                  <Assign Content="45" TextId="T_ID_MANSPEC_DIAG_LFT_SLF3"/>
                  <Assign Content="46" TextId="T_ID_MANSPEC_DIAG_LFT_PRF"/>
                  <Assign Content="47" TextId="T_ID_MANSPEC_DIAG_LFT_PTF2"/>
                  <Assign Content="48" TextId="T_ID_MANSPEC_DIAG_LFT_OTF2"/>
                  <Assign Content="49" TextId="T_ID_MANSPEC_DIAG_LFT_PTFL"/>
                  <Assign Content="50" TextId="T_ID_MANSPEC_DIAG_LFT_OTFL"/>
                  <Assign Content="51" TextId="T_ID_MANSPEC_DIAG_LFT_INF9"/>
                  <Assign Content="52" TextId="T_ID_MANSPEC_DIAG_LFT_INFA"/>
                  <Assign Content="53" TextId="T_ID_MANSPEC_DIAG_LFT_INFB"/>
                  <Assign Content="54" TextId="T_ID_MANSPEC_DIAG_LFT_TJF"/>
                  <Assign Content="55" TextId="T_ID_MANSPEC_DIAG_LFT_SCF4"/>
                  <Assign Content="56" TextId="T_ID_MANSPEC_DIAG_LFT_SCF5"/>
                  <Assign Content="57" TextId="T_ID_MANSPEC_DIAG_LFT_SRF"/>
                  <Assign Content="58" TextId="T_ID_MANSPEC_DIAG_LFT_FCF1"/>
                  <Assign Content="59" TextId="T_ID_MANSPEC_DIAG_LFT_FCF2"/>
                  <Assign Content="60" TextId="T_ID_MANSPEC_DIAG_LFT_INFC"/>
                  <Assign Content="61" TextId="T_ID_MANSPEC_DIAG_LFT_AI2F"/>
                  <Assign Content="62" TextId="T_ID_MANSPEC_DIAG_LFT_ENF"/>
                  <Assign Content="63" TextId="T_ID_MANSPEC_DIAG_LFT_CRF2"/>
                  <Assign Content="64" TextId="T_ID_MANSPEC_DIAG_LFT_LCF"/>
                  <Assign Content="65" TextId="T_ID_MANSPEC_DIAG_LFT_BUF"/>
                  <Assign Content="66" TextId="T_ID_MANSPEC_DIAG_LFT_DCF"/>
                  <Assign Content="67" TextId="T_ID_MANSPEC_DIAG_LFT_HDF"/>
                  <Assign Content="68" TextId="T_ID_MANSPEC_DIAG_LFT_INF6"/>
                  <Assign Content="69" TextId="T_ID_MANSPEC_DIAG_LFT_INFE"/>
                  <Assign Content="70" TextId="T_ID_MANSPEC_DIAG_LFT_BOF"/>
                  <Assign Content="71" TextId="T_ID_MANSPEC_DIAG_LFT_LFF3"/>
                  <Assign Content="72" TextId="T_ID_MANSPEC_DIAG_LFT_LFF4"/>
                  <Assign Content="73" TextId="T_ID_MANSPEC_DIAG_LFT_HCF"/>
                  <Assign Content="76" TextId="T_ID_MANSPEC_DIAG_LFT_DLF"/>
                  <Assign Content="99" TextId="T_ID_MANSPEC_DIAG_LFT_CSF"/>
               </Assignments>
            </ValueItem>
         </ValueList>
         <!-- List of manufacturer specific diagnostic alarms -->
         <UnitDiagTypeList>
            <UnitDiagTypeItem UserStructureIdentifier="0">
               <Ref ValueItemTarget="VI_ID_MANSPEC_DIAG_LFT" ByteOffset="1" DataType="Unsigned8" DefaultValue="0" TextId="T_ID_MANSPEC_DIAG_LFT"/>
            </UnitDiagTypeItem>
         </UnitDiagTypeList>
         <!-- List of graphic files -->
         <GraphicsList>
            <GraphicItem ID="1" GraphicFile="GSDML-0129-0C21-ATV32"/>
         </GraphicsList>
         <!-- List of categorys -->
         <CategoryList>
            <CategoryItem ID="CAT_REF_MODULES" TextId="T_ID_CAT_REF_MODULES"/>
            <CategoryItem ID="CAT_REF_MIGRATION_DAP" TextId="T_ID_MIGRATION_DAP"/>
         </CategoryList>
         <!-- List of texts -->
         <ExternalTextList>
            <PrimaryLanguage>
               <!--Device Access Point information etc -->
               <Text TextId="T_ID_DEV_DESCRIPTION" Value="Schneider ATV32-PNT 2-Port"/>
               <Text TextId="T_ID_V1_DEV_DESCRIPTION" Value="This Device Access Point may be used by IO Controllers that do not support extended PROFINET diagnostics."/>
               <Text TextId="T_ID_V15_DEV_DESCRIPTION" Value="This Device Access Point may be used by IO Controllers that do not support extended PROFINET diagnostics."/>
               <Text TextId="T_ID_V2_DEV_DESCRIPTION" Value="This Device Access Point supports RT communication"/>
               <Text TextId="T_ID_DAP_V15" Value="RT"/>
               <Text TextId="T_ID_DAP_V2" Value="RT"/>
               <Text TextId="T_ID_SS_INTERFACE" Value="X1"/>
               <Text TextId="T_ID_SS_PORT1" Value="P1"/>
               <Text TextId="T_ID_SS_PORT2" Value="P2"/>
               <Text TextId="T_ID_DAP_INTERFACE_MODULE" Value="Interface"/>
               <Text TextId="T_ID_PORT" Value="Port 1"/>
               <Text TextId="T_ID_PORT2" Value="Port 2"/>
               <!--Initial parameters, General-->
               <Text TextId="T_ID_PARAM1_INFO" Value="PRM1"/>
               <Text TextId="T_ID_PARAM2_INFO" Value="PRM2"/>
               <Text TextId="T_ID_PARAM3_INFO" Value="PRM3"/>
               <Text TextId="T_ID_PARAM4_INFO" Value="PRM4"/>
               <Text TextId="T_ID_PARAM5_INFO" Value="PRM5"/>
               <Text TextId="T_ID_PARAM6_INFO" Value="PRM6"/>
               <Text TextId="T_ID_PARAM7_INFO" Value="PRM7"/>
               <Text TextId="T_ID_PARAM8_INFO" Value="PRM8"/>
               <Text TextId="T_ID_PARAM9_INFO" Value="PRM9"/>
               <Text TextId="T_ID_PARAM10_INFO" Value="PRM10"/>
               <Text TextId="T_ID_PARAM11_INFO" Value="PRM11"/>
               <Text TextId="T_ID_PARAM12_INFO" Value="PRM12"/>
               <Text TextId="T_ID_PARAM13_INFO" Value="PRM13"/>
               <Text TextId="T_ID_PARAM14_INFO" Value="PRM14"/>
               <Text TextId="T_ID_PARAM15_INFO" Value="PRM15"/>
               <Text TextId="T_ID_PARAM16_INFO" Value="PRM16"/>
               <Text TextId="T_ID_PARAM17_INFO" Value="PRM17"/>
               <Text TextId="T_ID_PARAM18_INFO" Value="PRM18"/>
               <Text TextId="T_ID_PARAM19_INFO" Value="PRM19"/>
               <Text TextId="T_ID_PARAM20_INFO" Value="PRM20"/>
               <Text TextId="T_ID_PARAM21_INFO" Value="PRM21"/>
               <Text TextId="T_ID_PARAM22_INFO" Value="PRM22"/>
               <Text TextId="T_ID_PARAM23_INFO" Value="PRM23"/>
               <Text TextId="T_ID_PARAM24_INFO" Value="PRM24"/>
               <Text TextId="T_ID_PARAM25_INFO" Value="PRM25"/>
               <Text TextId="T_ID_PARAM26_INFO" Value="PRM26"/>
               <Text TextId="T_ID_PARAM27_INFO" Value="PRM27"/>
               <Text TextId="T_ID_PARAM28_INFO" Value="PRM28"/>
               <Text TextId="T_ID_PARAM29_INFO" Value="PRM29"/>
               <Text TextId="T_ID_PARAM30_INFO" Value="PRM30"/>
               <Text TextId="T_ID_PARAM31_INFO" Value="PRM31"/>
               <Text TextId="T_ID_PARAM32_INFO" Value="PRM32"/>
               <!--Initial parameters, DAP-->
               <Text TextId="T_ID_DAP_PARAMETERS" Value="General configuration"/>
               <Text TextId="T_ID_DAP_ALARM_DIAGNOSTICS" Value="Alarm Diagnostics"/>
               <!--Initial parameters, Tgm100-->
               <Text TextId="T_ID_TGM100_PARAMETERS" Value="General configuration"/>
               <Text TextId="T_ID_TGM100_OUT1_NAME" Value="OCA1"/>
               <Text TextId="T_ID_TGM100_OUT2_NAME" Value="OCA2"/>
               <Text TextId="T_ID_TGM100_IN1_NAME" Value="OMA1"/>
               <Text TextId="T_ID_TGM100_IN2_NAME" Value="OMA2"/>
               <!--Initial parameters, Tgm101-->
               <Text TextId="T_ID_TGM101_PARAMETERS" Value="General configuration"/>
               <Text TextId="T_ID_TGM101_OUT1_NAME" Value="OCA1"/>
               <Text TextId="T_ID_TGM101_OUT2_NAME" Value="OCA2"/>
               <Text TextId="T_ID_TGM101_OUT3_NAME" Value="OCA3"/>
               <Text TextId="T_ID_TGM101_OUT4_NAME" Value="OCA4"/>
               <Text TextId="T_ID_TGM101_OUT5_NAME" Value="OCA5"/>
               <Text TextId="T_ID_TGM101_OUT6_NAME" Value="OCA6"/>
               <Text TextId="T_ID_TGM101_IN1_NAME" Value="OMA1"/>
               <Text TextId="T_ID_TGM101_IN2_NAME" Value="OMA2"/>
               <Text TextId="T_ID_TGM101_IN3_NAME" Value="OMA3"/>
               <Text TextId="T_ID_TGM101_IN4_NAME" Value="OMA4"/>
               <Text TextId="T_ID_TGM101_IN5_NAME" Value="OMA5"/>
               <Text TextId="T_ID_TGM101_IN6_NAME" Value="OMA6"/>
               <!--Initial parameters, Tgm102-->
               <Text TextId="T_ID_TGM102_PARAMETERS" Value="General configuration"/>
               <Text TextId="T_ID_TGM102_OUT1_NAME" Value="OCA1"/>
               <Text TextId="T_ID_TGM102_OUT2_NAME" Value="OCA2"/>
               <Text TextId="T_ID_TGM102_OUT3_NAME" Value="OCA3"/>
               <Text TextId="T_ID_TGM102_OUT4_NAME" Value="OCA4"/>
               <Text TextId="T_ID_TGM102_OUT5_NAME" Value="OCA5"/>
               <Text TextId="T_ID_TGM102_OUT6_NAME" Value="OCA6"/>
               <Text TextId="T_ID_TGM102_IN1_NAME" Value="OMA1"/>
               <Text TextId="T_ID_TGM102_IN2_NAME" Value="OMA2"/>
               <Text TextId="T_ID_TGM102_IN3_NAME" Value="OMA3"/>
               <Text TextId="T_ID_TGM102_IN4_NAME" Value="OMA4"/>
               <Text TextId="T_ID_TGM102_IN5_NAME" Value="OMA5"/>
               <Text TextId="T_ID_TGM102_IN6_NAME" Value="OMA6"/>
               <!--Module category-->
               <Text TextId="T_ID_CAT_REF_MODULES" Value="Telegrams"/>
               <Text TextId="T_ID_MIGRATION_DAP" Value="Migration"/>
               <!-- General -->
               <Text TextId="T_ID_INPUT" Value="Input"/>
               <Text TextId="T_ID_OUTPUT" Value="Output"/>
               <Text TextId="T_ID_ENABLE" Value="Enable"/>
               <Text TextId="T_ID_DISABLE" Value="Disable"/>
               <Text TextId="T_ID_YES" Value="Yes"/>
               <Text TextId="T_ID_NO" Value="No"/>
               <Text TextId="T_ID_NOT_USED" Value="Not Used"/>
               <Text TextId="T_ID_OUTPUT_32BITS" Value="Output Double Data Word (32 Bits)"/>
               <Text TextId="T_ID_OUTPUT_16BITS" Value="Output Data Word (16 Bits)"/>
               <Text TextId="T_ID_INPUT_32BITS" Value="Input Double Data Word (32 Bits)"/>
               <Text TextId="T_ID_INPUT_16BITS" Value="Input Data Word (16 Bits)"/>
               <Text TextId="T_ID_HASPKW" Value="PKW"/>
               <Text TextId="T_ID_TGMINFO" Value="TGM"/>
               <!-- Std Tgm 1 -->
               <Text TextId="T_ID_PROFILE_STD_TGM1_PARAMETERS" Value="General parameters"/>
               <Text TextId="T_ID_PROFILE_STD_TGM1_FS_STW1" Value="Fail safe STW1"/>
               <Text TextId="T_ID_PROFILE_STD_TGM1_FS_NSOLLA" Value="Fail safe NSOLL_A"/>
               <Text TextId="T_ID_PROFILE_MAPPAP_NAME" Value="Module Access Point"/>
               <Text TextId="T_ID_PROFILE_MAPPAP_INFO_TEXT" Value="Acyclic parameter access is possible through this module"/>
               <Text TextId="T_ID_PROFILE_STD_TGM1_NAME" Value="Standard Telegram 1"/>
               <Text TextId="T_ID_PROFILE_STD_TGM1_INFO_TEXT" Value="Control/Reference and Status/Actual values"/>
               <Text TextId="T_ID_PROFILE_MODULE_MAP_STD_TGM_NAME" Value="Telegram 1 (PROFIdrive)"/>
               <Text TextId="T_ID_PROFILE_MODULE_MAP_STD_TGM_INFO_TEXT" Value="Drive Object"/>
               <!-- Tgm 100 -->
               <Text TextId="T_ID_TGM100_NAME" Value="Telegram 100 (4PKW/2PZD)"/>
               <Text TextId="T_ID_INFO_TGM100" Value="4 Words PKW and 2 words PZD"/>
               <Text TextId="T_ID_SUBMOD_NAME_TGM100" Value="Telegram 100"/>
               <Text TextId="T_ID_SUBMOD_INFO_TGM100" Value="4 Words PKW and 2 words PZD"/>
               <!-- Tgm 101 -->
               <Text TextId="T_ID_TGM101_NAME" Value="Telegram 101 (4PKW/6PZD)"/>
               <Text TextId="T_ID_INFO_TGM101" Value="4 Words PKW and 6 words PZD"/>
               <Text TextId="T_ID_SUBMOD_NAME_TGM101" Value="Telegram 101"/>
               <Text TextId="T_ID_SUBMOD_INFO_TGM101" Value="4 Words PKW and 6 words PZD"/>
               <!-- Tgm 102 -->
               <Text TextId="T_ID_TGM102_NAME" Value="Telegram 102 (6PZD)"/>
               <Text TextId="T_ID_INFO_TGM102" Value="6 words PZD"/>
               <Text TextId="T_ID_SUBMOD_NAME_TGM102" Value="Telegram 102"/>
               <Text TextId="T_ID_SUBMOD_INFO_TGM102" Value="6 words PZD"/>
               <!-- Manufacturer specific diagnostic alarms information -->
               <Text TextId="T_ID_MANSPEC_DIAG_LFT" Value="ADL_LFT (LSB) : "/>
               <Text TextId="T_ID_MANSPEC_DIAG_LFT_NOF" Value="NOF"/>
               <Text TextId="T_ID_MANSPEC_DIAG_LFT_INF" Value="INF"/>
               <Text TextId="T_ID_MANSPEC_DIAG_LFT_EEF1" Value="EEF1"/>
               <Text TextId="T_ID_MANSPEC_DIAG_LFT_CFF" Value="CFF"/>
               <Text TextId="T_ID_MANSPEC_DIAG_LFT_CFI" Value="CFI"/>
               <Text TextId="T_ID_MANSPEC_DIAG_LFT_SLF1" Value="SLF1"/>
               <Text TextId="T_ID_MANSPEC_DIAG_LFT_ILF" Value="ILF"/>
               <Text TextId="T_ID_MANSPEC_DIAG_LFT_CNF" Value="CNF"/>
               <Text TextId="T_ID_MANSPEC_DIAG_LFT_EPF1" Value="EPF1"/>
               <Text TextId="T_ID_MANSPEC_DIAG_LFT_OCF" Value="OCF"/>
               <Text TextId="T_ID_MANSPEC_DIAG_LFT_CRF" Value="CRF"/>
               <Text TextId="T_ID_MANSPEC_DIAG_LFT_SPF" Value="SPF"/>
               <Text TextId="T_ID_MANSPEC_DIAG_LFT_ANF" Value="ANF"/>
               <Text TextId="T_ID_MANSPEC_DIAG_LFT_LFF2" Value="LFF2"/>
               <Text TextId="T_ID_MANSPEC_DIAG_LFT_PTF1" Value="PTF1"/>
               <Text TextId="T_ID_MANSPEC_DIAG_LFT_OTF1" Value="OTF1"/>
               <Text TextId="T_ID_MANSPEC_DIAG_LFT_OHF" Value="OHF"/>
               <Text TextId="T_ID_MANSPEC_DIAG_LFT_OLF" Value="OLF"/>
               <Text TextId="T_ID_MANSPEC_DIAG_LFT_OBF" Value="OBF"/>
               <Text TextId="T_ID_MANSPEC_DIAG_LFT_OSF" Value="OSF"/>
               <Text TextId="T_ID_MANSPEC_DIAG_LFT_OPF1" Value="OPF1"/>
               <Text TextId="T_ID_MANSPEC_DIAG_LFT_PHF" Value="PHF"/>
               <Text TextId="T_ID_MANSPEC_DIAG_LFT_USF" Value="USF"/>
               <Text TextId="T_ID_MANSPEC_DIAG_LFT_SCF1" Value="SCF1"/>
               <Text TextId="T_ID_MANSPEC_DIAG_LFT_SOF" Value="SOF"/>
               <Text TextId="T_ID_MANSPEC_DIAG_LFT_TNF" Value="TNF"/>
               <Text TextId="T_ID_MANSPEC_DIAG_LFT_INF1" Value="INF1"/>
               <Text TextId="T_ID_MANSPEC_DIAG_LFT_INF2" Value="INF2"/>
               <Text TextId="T_ID_MANSPEC_DIAG_LFT_INF3" Value="INF3"/>
               <Text TextId="T_ID_MANSPEC_DIAG_LFT_INF4" Value="INF4"/>
               <Text TextId="T_ID_MANSPEC_DIAG_LFT_EEF2" Value="EEF2"/>
               <Text TextId="T_ID_MANSPEC_DIAG_LFT_SCF2" Value="SCF2"/>
               <Text TextId="T_ID_MANSPEC_DIAG_LFT_SCF3" Value="SCF3"/>
               <Text TextId="T_ID_MANSPEC_DIAG_LFT_OPF2" Value="OPF2"/>
               <Text TextId="T_ID_MANSPEC_DIAG_LFT_COF" Value="COF"/>
               <Text TextId="T_ID_MANSPEC_DIAG_LFT_BLF" Value="BLF"/>
               <Text TextId="T_ID_MANSPEC_DIAG_LFT_INF7" Value="INF7"/>
               <Text TextId="T_ID_MANSPEC_DIAG_LFT_EPF2" Value="EPF2"/>
               <Text TextId="T_ID_MANSPEC_DIAG_LFT_APF" Value="APF"/>
               <Text TextId="T_ID_MANSPEC_DIAG_LFT_INF8" Value="INF8"/>
               <Text TextId="T_ID_MANSPEC_DIAG_LFT_BRF" Value="BRF"/>
               <Text TextId="T_ID_MANSPEC_DIAG_LFT_SLF2" Value="SLF2"/>
               <Text TextId="T_ID_MANSPEC_DIAG_LFT_ECF" Value="ECF"/>
               <Text TextId="T_ID_MANSPEC_DIAG_LFT_SSF" Value="SSF"/>
               <Text TextId="T_ID_MANSPEC_DIAG_LFT_SLF3" Value="SLF3"/>
               <Text TextId="T_ID_MANSPEC_DIAG_LFT_PRF" Value="PRF"/>
               <Text TextId="T_ID_MANSPEC_DIAG_LFT_PTF2" Value="PTF2"/>
               <Text TextId="T_ID_MANSPEC_DIAG_LFT_OTF2" Value="OTF2"/>
               <Text TextId="T_ID_MANSPEC_DIAG_LFT_PTFL" Value="PTFL"/>
               <Text TextId="T_ID_MANSPEC_DIAG_LFT_OTFL" Value="OTFL"/>
               <Text TextId="T_ID_MANSPEC_DIAG_LFT_INF9" Value="INF9"/>
               <Text TextId="T_ID_MANSPEC_DIAG_LFT_INFA" Value="INFA"/>
               <Text TextId="T_ID_MANSPEC_DIAG_LFT_INFB" Value="INFB"/>
               <Text TextId="T_ID_MANSPEC_DIAG_LFT_TJF" Value="TJF"/>
               <Text TextId="T_ID_MANSPEC_DIAG_LFT_SCF4" Value="SCF4"/>
               <Text TextId="T_ID_MANSPEC_DIAG_LFT_SCF5" Value="SCF5"/>
               <Text TextId="T_ID_MANSPEC_DIAG_LFT_SRF" Value="SRF"/>
               <Text TextId="T_ID_MANSPEC_DIAG_LFT_FCF1" Value="FCF1"/>
               <Text TextId="T_ID_MANSPEC_DIAG_LFT_FCF2" Value="FCF2"/>
               <Text TextId="T_ID_MANSPEC_DIAG_LFT_INFC" Value="INFC"/>
               <Text TextId="T_ID_MANSPEC_DIAG_LFT_AI2F" Value="AI2F"/>
               <Text TextId="T_ID_MANSPEC_DIAG_LFT_ENF" Value="ENF"/>
               <Text TextId="T_ID_MANSPEC_DIAG_LFT_CRF2" Value="CRF2"/>
               <Text TextId="T_ID_MANSPEC_DIAG_LFT_LCF" Value="LCF"/>
               <Text TextId="T_ID_MANSPEC_DIAG_LFT_BUF" Value="BUF"/>
               <Text TextId="T_ID_MANSPEC_DIAG_LFT_DCF" Value="DCF"/>
               <Text TextId="T_ID_MANSPEC_DIAG_LFT_HDF" Value="HDF"/>
               <Text TextId="T_ID_MANSPEC_DIAG_LFT_INF6" Value="INF6"/>
               <Text TextId="T_ID_MANSPEC_DIAG_LFT_INFE" Value="INFE"/>
               <Text TextId="T_ID_MANSPEC_DIAG_LFT_BOF" Value="BOF"/>
               <Text TextId="T_ID_MANSPEC_DIAG_LFT_LFF3" Value="LFF3"/>
               <Text TextId="T_ID_MANSPEC_DIAG_LFT_LFF4" Value="LFF4"/>
               <Text TextId="T_ID_MANSPEC_DIAG_LFT_HCF" Value="HCF"/>
               <Text TextId="T_ID_MANSPEC_DIAG_LFT_DLF" Value="DLF"/>
               <Text TextId="T_ID_MANSPEC_DIAG_LFT_CSF" Value="CSF"/>
            </PrimaryLanguage>
         </ExternalTextList>
      </ApplicationProcess>
   </ProfileBody>
</ISO15745Profile>
